

--
-- Dumping data for table `alumno`
--
SET FOREIGN_KEY_CHECKS=0;

LOCK TABLES `ALUMNO` WRITE;
 ALTER TABLE `ALUMNO` DISABLE KEYS ;
INSERT INTO `ALUMNO` VALUES 
('1025920','bi9771','DIEZ GIL','DIONISIO'),
('1037756','ia6806','ROMERO SOTO','FIDEL'),
('1070900','ky7438','GARCIA PARRA','ELOISA'),
('1157700','ln6447','MORA ROMERO','RUPERTO'),
('1180575','aw1377','BLANCO ORTIZ','EULALIO'),
('1262987','fo912','HIDALGO CALVO','BERNAB?'),
('1293941','jj9012','RAMIREZ SANCHEZ','HELENIA'),
('1324292','uq6705','SAEZ RAMIREZ','EULALIO'),
('1412331','ij5435','CANO VIDAL','CAMILA'),
('1459689','rf8502','CASTRO SANZ','HIGINIO'),
('1507234','ch8184','SUAREZ DELGADO','BLANCA'),
('1525588','yu6344','SOLER ORTIZ','LORENZO'),
('1538038','uc8702','SANTOS ESTEBAN','EVARISTO'),
('1544355','pe3006','MORENO MARQUEZ','RAÚL'),
('1548369','yi1333','REYES CRESPO','MARTÍN'),
('1585253','ch1740','RAMOS HERNANDEZ','REBECA'),
('1604254','xx5457','VARGAS GUTIERREZ','HAROLDO'),
('1613789','re6879','CRESPO MENDEZ','CASIMIRO'),
('1702335','pp133','TORRES MEDINA','WILFREDO'),
('1724295','wd8049','DIAZ TORRES','FILOMENO'),
('1728408','jk6855','CORTES DELGADO','LIDA'),
('1731272','rw8521','ARIAS SANCHEZ','ROBERTO'),
('1741033','mf7003','RODRIGUEZ RAMOS','CARIDAD'),
('1777237','fd53','ROJAS MARTIN','DOMINGO'),
('1778163','wc6088','SANTOS CARMONA','JUSTINIANO'),
('1794468','ew4791','MORALES FLORES','RAMIRO'),
('179743','eh7953','RAMIREZ DOMINGUEZ','ROSALÍA'),
('1802989','rb2822','NIETO PRIETO','BLANCA'),
('1850429','xp7053','GALLEGO CASTRO','CAMILA'),
('189638','iy3204','CARRASCO MOLINA','CESÁREO'),
('1947723','lg9330','ESTEBAN PEREZ','MARIANA'),
('1972775','yo4987','ORTEGA WULFRANO','ROSANA'),
('1986141','wn5134','FLORES GIMENEZ','MALVINA'),
('2021423','gw3698','MEDINA ARIAS','JUDIT'),
('2031213','jv3832','ORTEGA BLANCO','HUMBERTO'),
('203651','dl8230','RODRIGUEZ PEÑA','JAVIER'),
('2071139','du3531','FERRER CASTRO','ÚRSULA'),
('2102212','xe6261','CASTILLO GALLEGO','BLAS'),
('2146605','gw6792','FERNANDEZ PASCUAL','ULISES'),
('216502','rl8461','SANZ CRESPO','EUCLIDES'),
('2169505','ua1723','HERRERA AGUILAR','CAMILA'),
('218470','wc4883','PRIETO ARIAS','EFR?N'),
('2243182','sb8833','LOPEZ SANTIAGO','JACOBO'),
('2282107','bz4133','CRUZ GARRIDO','EUSEBIO'),
('2296075','tz2494','VAZQUEZ PEREZ','EULALIA'),
('2330666','tg6608','LOPEZ CRESPO','HONORIO'),
('2365617','rk9764','SANZ CARRASCO','MIGUEL'),
('2405619','yl9938','CASTILLO LEON','BRUNO'),
('2407996','xb9388','MORA DELGADO','JUDÁ'),
('2413314','bp7150','ARIAS MARIN','CONRADO'),
('241511','cf113','CABRERA SOTO','FULVIO'),
('2449874','gu2514','PARRA SOLER','FELIPE'),
('2453004','bw3899','GOMEZ MARQUEZ','HUGO'),
('2539692','cz3317','AGUILAR HERRERA','BENJAMÍN'),
('2549153','kw1590','LOZANO ESTEBAN','DAGOBERTO'),
('2594081','ka3250','HIDALGO FERNANDEZ','ÚRSULA'),
('2600646','yz7333','CANO SANTANA','CIPRIANO'),
('2618455','wz4863','SAEZ MUÑOZ','ROSARIO'),
('2649600','eq6958','IGLESIAS SERRANO','WALDO'),
('2669616','tz3567','NIETO GIL','CARMELO'),
('2681462','pb4130','GUERRERO SANCHEZ','BERNAB?'),
('2714210','so7665','ORTIZ ORTEGA','RAMONA'),
('2737261','hm9123','DELGADO GARRIDO','CARLOS'),
('2767','ie7914','CASTILLO ROMAN','HUGO'),
('2771377','ew7400','PRIETO NUÑEZ','JULIO'),
('2772328','uq1076','SANZ SAEZ','CLEOPATRA'),
('2788277','nk5536','GALLEGO CALVO','MAGDALENA'),
('2800048','no8177','HIDALGO NAVARRO','REINALDO'),
('2800091','cg5357','GALLEGO FUENTES','JUDÁ'),
('2854994','sp9944','GARRIDO MUÑOZ','BERENICE'),
('2868371','iv7557','SOTO GALLEGO','BERNAB?'),
('2884322','pu5534','LOZANO CABRERA','CARLA'),
('2925579','xh7446','REYES ROMAN','RAQUEL'),
('2933251','cr7627','MEDINA BENITEZ','MÁXIMO'),
('2987232','gi6308','PEÑA GUERRERO','CRISANTO'),
('3085137','wy3099','CABRERA CASTILLO','RUPERTO'),
('3100216','vd3174','BENITEZ GIMENEZ','EUGENIO'),
('3154437','qx852','LOZANO ORTEGA','FLORIÁN'),
('3186465','lu2355','MARIN DURAN','CRISTIAN'),
('319418','oh7522','GALLEGO VIDAL','DAGOBERTO'),
('3203712','ev5058','HERNANDEZ MARTINEZ','BIANCA'),
('3206928','iv5905','LORENZO TORRES','JORGE'),
('3215933','ry6974','ESTEBAN REYES','DORA'),
('3268025','ju4398','PASTOR CALVO','HELI'),
('3268195','ry6637','SOTO PASTOR','CARINA'),
('3276129','fr7084','CRESPO CABALLERO','MALVINA'),
('3285087','qd333','GARRIDO CAMPOS','WENCESLAO'),
('3349198','cf2145','CRUZ ORTIZ','URBANA'),
('3350950','mv6958','CABRERA ROJAS','ÚRSULA'),
('3426175','dl7916','CASTILLO CASTRO','EDMUNDO'),
('3457950','oe77','MARIN ALVAREZ','ROSARIO'),
('3469157','nm7588','CASTILLO ALVAREZ','CASILDA'),
('3484261','hi855','SAEZ LOPEZ','MARTA'),
('3548617','ax1739','RAMIREZ WILLIAM','ROBERTO'),
('354872','zx1632','WILLIAM BLANCO','FLORINDA'),
('355158','fq8664','MARTINEZ LOPEZ','HILDA'),
('3558702','qe4352','SANTIAGO AGUILAR','JAVIER'),
('3616420','nq8172','SANCHEZ NAVARRO','RUB?N'),
('3628465','tg1638','HIDALGO CASTRO','WENCESLAO'),
('3656599','ne3040','HIDALGO FUENTES','ULFRIDA'),
('3682769','hy5958','GALLARDO SANCHEZ','REGINA'),
('3691538','zr1577','WULSTANA MORA','CONRADO'),
('3714638','fi2068','CRESPO HIDALGO','RUFINO'),
('3723328','ve7445','ROMERO GOMEZ','CLEOPATRA'),
('3725998','rp9109','VIDAL GOMEZ','BENITO'),
('3733614','ki6614','REYES DIEZ','FERMÍN'),
('3752784','if5744','VARGAS CARRASCO','FLORIDA'),
('3754381','bi6497','LOPEZ CABALLERO','CONSTANTINO'),
('3928962','qg1552','MORA BLANCO','BRUNO'),
('3960219','mt9727','VAZQUEZ GOMEZ','ESTEFANÍA'),
('3962201','kw3316','MARTINEZ NAVARRO','RUTH'),
('3972035','qe3776','RODRIGUEZ LOZANO','BIBIANA'),
('4058971','gy1218','NAVARRO GALLEGO','CELINA'),
('4060403','vl5876','VAZQUEZ SOTO','MIRIAM'),
('4106913','xy3147','LORENZO BLANCO','ELOY'),
('4109952','rv8624','FLORES FERNANDEZ','JAIME'),
('4162489','gy2891','RODRIGUEZ CARRASCO','MAITE'),
('4182440','qn3918','FERNANDEZ RAMIREZ','LIDIA'),
('4241233','ap2721','PASTOR HIDALGO','JAQUELINE'),
('4254003','sd7205','REYES FERRER','WILFREDO'),
('4292742','fo7303','FERRER CANO','REN?'),
('4322767','eb6180','GOMEZ DURAN','DIANA'),
('4333840','zk9544','GIMENEZ JIMENEZ','FLAVIO'),
('4356735','tt4794','PRIETO LEON','ULFRIDA'),
('437962','wt2765','NAVARRO VEGA','ROMEO'),
('4401576','yv1429','HIDALGO IGLESIAS','EMILIO'),
('4410214','ur3497','HIDALGO GALLEGO','EULALIA'),
('4418515','at8884','SUAREZ MONTERO','HAYDEE'),
('4461611','zj4127','PASCUAL MUÑOZ','BRUNILDA'),
('447993','ch1820','RUBIO MARIN','EUGENIA'),
('4502952','lx8242','NAVARRO NUÑEZ','HOMERO'),
('4530793','lc788','SERRANO CRUZ','DARÍO'),
('4595556','mq8840','CASTRO VAZQUEZ','DELMIRO'),
('464552','jw9727','MORALES VAZQUEZ','HORACIO'),
('4675557','rw9563','TORRES WULSTANA','CELINA'),
('4726702','nh3276','CAMPOS DIAZ','CRISTINA'),
('4729418','yf602','MENDEZ CANO','BRENDA'),
('4749239','ob376','NAVARRO WITERICO','CORNELIO'),
('4781911','yn5546','SOLER FUENTES','ROSANA'),
('4814455','wj3521','BENITEZ RUBIO','RUFINO'),
('488189','nr6829','CABALLERO NIETO','RENATO'),
('4882473','zn6423','IGLESIAS MARTINEZ','C?SAR'),
('4901468','pt4271','NUÑEZ PASCUAL','URBANA'),
('4962924','xz1886','NIETO FUENTES','ROBERTO'),
('4975723','id5188','SOLER SOLER','BERNARDO'),
('5002729','xm5881','CAMPOS FERRER','DORA'),
('5074542','ma2665','VICENTE DOMINGUEZ','RUPERTO'),
('513077','sz8296','RUIZ CANO','ESTEFANÍA'),
('5139691','ez2448','PASCUAL GUERRERO','MARTÍN'),
('514943','ve2381','SANCHEZ PRIETO','BERENICE'),
('515068','kx6537','SERRANO ORTEGA','ÚRSULA'),
('5162305','iz9430','CASTILLO CARMONA','LUCAS'),
('5192063','nc4688','MENDEZ MENDEZ','CARLOS'),
('5231936','jw7800','CASTRO IGLESIAS','LIDIA'),
('5255263','oc6031','LOPEZ CRESPO','CASIMIRO'),
('5262817','oi1641','ROMERO GONZALEZ','EVARISTO'),
('5277492','jt9027','HIDALGO CANO','URIEL'),
('5333237','ir2796','ROMERO ROJAS','BERTA'),
('5347459','hz526','JIMENEZ PEÑA','WENDY'),
('5352745','jf3674','JIMENEZ SANZ','LUCAS'),
('5362913','su6649','MARTIN SOTO','ELENA'),
('5388408','nc470','CARRASCO CABALLERO','CORDELIA'),
('5402072','ng1148','RODRIGUEZ TORRES','RUFINO'),
('5482346','lj2354','HIDALGO GIMENEZ','MÓNICA'),
('5506309','xt8840','CASTILLO CALVO','BENITO'),
('5581644','af356','SOLER RUIZ','CLEMENTE'),
('5597509','yo8590','SOTO ESTEBAN','MÓNICA'),
('562409','so1431','CABRERA CABRERA','EMILIO'),
('5625951','my4882','SOTO DIEZ','JULIA'),
('5657236','ow5949','WULSTANA SANTOS','H?CTOR'),
('5669235','jv8779','AGUILAR CALVO','BRUNILDA'),
('5795354','oa9691','RODRIGUEZ FUENTES','CIPRIANO'),
('5837035','bh8475','CRESPO DURAN','LEOPOLDO'),
('5935795','kv4498','FUENTES MUÑOZ','FLORIÁN'),
('5950983','mt5246','VIDAL WILLIAM','ELISABETH'),
('6010714','oc7624','PEÑA MARIN','LILIANA'),
('601259','hw950','ESTEBAN PRIETO','ROGELIO'),
('6042920','km6283','VARGAS SOLER','ROCÍO'),
('604574','bl4135','MARTIN CORTES','EUFRASIO'),
('6057494','rb5518','PASCUAL MORENO','MÓNICA'),
('6067075','iq9452','FERRER SANTIAGO','LUCIANO'),
('6169466','jd4425','WULSTANA CASTRO','JOSEFA'),
('6188829','qk866','SANTOS IBAÑEZ','BERNARDINA'),
('6214403','pz1812','ORTEGA MORENO','LUCIANO'),
('6217245','po4915','ORTIZ WULFRANO','ESPERANZA'),
('6222768','lm3812','MEDINA DIAZ','BERNARDINO'),
('6239583','rk4757','LOPEZ GUTIERREZ','REBECA'),
('6263862','eq1008','SERRANO DURAN','CONCEPCIÓN'),
('6344697','hy3356','GARRIDO TORRES','H?CTOR'),
('6366407','sq4991','HIDALGO CRESPO','LEÓNIDAS'),
('6381180','td8939','LOZANO PARRA','MIGUEL'),
('638606','wy6615','CABRERA MORENO','JOSEFA'),
('640350','st168','VAZQUEZ FERNANDEZ','MARCELO'),
('6410341','gj8477','MARTINEZ HIDALGO','JESSICA'),
('6417304','am212','VEGA WILLIAM','CONSTANTINO'),
('6430079','gk7107','CASTRO CRUZ','FLORIÁN'),
('6432676','xy3685','SUAREZ PEREZ','CRISTÓBAL'),
('6443163','tj4260','ALVAREZ VEGA','RODRIGO'),
('6444977','cr1540','SANTIAGO MORA','MARGARITA'),
('6445018','zf6967','CANO VARGAS','JUDÁ'),
('6462103','hz8641','HERRERO CANO','JUANA'),
('6484704','vl8188','DOMINGUEZ HERRERA','EUGENIA'),
('6493887','wc9871','VELASCO VELASCO','CONCEPCIÓN'),
('650691','ao1235','MORA CABALLERO','MAURO'),
('6602832','fu7599','GOMEZ CABRERA','MOIS?S'),
('6610819','xh8130','LOZANO NAVARRO','ELISA'),
('6649545','mo1920','RAMOS DIEZ','CLARA'),
('6687667','bv5626','ALONSO IGLESIAS','ROXANA'),
('6692275','hm2519','DELGADO FUENTES','BERNAB?'),
('6702030','ls1971','MORENO PEREZ','ERNESTO'),
('6708097','st9536','MENDEZ GOMEZ','CONRADO'),
('6728718','jk9818','GOMEZ CALVO','EUDOXIO'),
('6775571','wd1413','ALVAREZ CARMONA','BELTRÁN'),
('6832457','ne897','SOLER PASCUAL','UNAI'),
('684460','sl3121','SANCHEZ RAMIREZ','FROILÁN'),
('6854476','ei1055','CASTILLO PEREZ','EUCLIDES'),
('6880876','mo8010','ARIAS PARRA','EUDOXIO'),
('6925544','kq3719','LOPEZ MONTERO','BONIFACIO'),
('7063067','hb4952','PASCUAL CRESPO','MÁXIMO'),
('7103210','xz601','AGUILAR PASTOR','JESÚS'),
('7124309','cq1818','GONZALEZ GOMEZ','LEÓN'),
('7137219','ho1178','MENDEZ ESTEBAN','BLAS'),
('7200583','op8869','CASTRO FERRER','LETICIA'),
('722304','pc1155','VIDAL ESTEBAN','EUFEMIA'),
('7238193','st6633','MORALES GUERRERO','BORIS'),
('7247893','pw1828','SANCHEZ GIMENEZ','LIDIA'),
('7256511','du7002','DELGADO WITERICO','DORA'),
('7276063','no8049','FERNANDEZ VIDAL','LINDA'),
('7336267','ev1380','ALONSO VELASCO','MOISES'),
('7340079','ct6159','MONTERO PASTOR','LUCÍA'),
('7395320','yr3068','FUENTES GUERRERO','DELIA'),
('7412627','lc1901','MARTIN VEGA','EFRAÍN'),
('7431235','kr489','PARRA CASTILLO','ROCÍO'),
('7433347','im972','RAMOS CABALLERO','ELEONOR'),
('7545490','iq6433','GUTIERREZ VEGA','BELINDA'),
('7654315','sc8651','ROMERO LEON','WILFREDO'),
('7678858','hp8013','ALONSO SOLER','RODRIGO'),
('7692596','ua7310','CARRASCO MORALES','DORA'),
('77143','jh4625','VIDAL BRAVO','ERASMO'),
('7824114','jb9010','GUERRERO GIMENEZ','CARLA'),
('7912301','pj9870','JIMENEZ SANZ','MAURO'),
('7942065','gx8476','MARQUEZ RODRIGUEZ','FELIPE'),
('7952785','qp9386','VAZQUEZ DIEZ','HERMINIA'),
('7953513','fb7312','GUERRERO VICENTE','CARMELO'),
('798873','ie5477','GARRIDO SERRANO','ERIC'),
('8019599','td754','CANO DIEZ','ESMERALDA'),
('8032869','ot5429','GOMEZ DELGADO','JUDIT'),
('8035065','mz857','SANZ BRAVO','ROMILDO'),
('8042630','uj7791','MARTINEZ FERRER','EZEQUIEL'),
('8056512','ls418','BENITEZ IBAÑEZ','CARMEN'),
('8059362','bk5907','ALONSO NUÑEZ','EFR?N'),
('8104716','zp2229','MORENO VELASCO','RENATO'),
('8106983','gi7082','DURAN VIDAL','CORNELIO'),
('811690','oa3270','GIL SANCHEZ','DINA'),
('8142790','zh5321','RUBIO RUIZ','CAMILA'),
('8160528','vv5247','RAMOS ALVAREZ','HORACIO'),
('8175410','gc8272','DIEZ MARTIN','CASIMIRO'),
('8191294','fr7069','MONTERO CABALLERO','RAMONA'),
('8219444','jr9125','AGUILAR IBAÑEZ','RICARDO'),
('823446','vf7225','ROJAS MARIN','EUFEMIO'),
('8240493','zi1852','PRIETO ORTEGA','HAYDEE'),
('8243527','yn9787','CANO REYES','BERNARDO'),
('8275857','mf6306','SUAREZ GARRIDO','MAGALÍ'),
('8345647','xd8400','IGLESIAS CRUZ','JACOBO'),
('8430093','aa4820','REYES GALLARDO','MACARENA'),
('8443366','et8467','DELGADO VAZQUEZ','JESSICA'),
('8477932','qw1496','CASTRO PEÑA','JAQUELINE'),
('855985','fc5214','GIMENEZ SUAREZ','RAMIRO'),
('8598533','ck5143','MORENO GOMEZ','JUSTINIANO'),
('8631354','cb7476','MOLINA LEON','FROILÁN'),
('8666608','ql8845','ORTIZ WULSTANA','DAGOBERTO'),
('8705556','hi2615','WILLIAM CAMPOS','LEÓN'),
('8708083','kj6648','ROJAS MARIN','MARCOS'),
('8728326','kf2967','CARMONA DIAZ','ESTELA'),
('8766055','ci1270','RUBIO GIL','MIRTA'),
('8795781','xh8355','FUENTES VELASCO','CARLOS'),
('8795896','cf9355','GALLEGO VEGA','CATALINA'),
('8806561','yh7617','MOYA SUAREZ','EDGARDO'),
('8819928','ym764','PASCUAL SUAREZ','LUCIANO'),
('8835911','ik9886','HERRERO MORENO','FLORENCIO'),
('8852972','mc5338','RUBIO MARTINEZ','BONIFACIO'),
('8873539','eg739','LOPEZ PRIETO','EUFEMIO'),
('8880143','me9038','SANTOS BLANCO','EVA'),
('8880937','mx8773','GIL IGLESIAS','MIGUEL'),
('8895064','wh2069','NAVARRO MONTERO','BIANCA'),
('891083','gv357','GALLARDO SOLER','MARTA'),
('8942279','mc3247','SANCHEZ LOZANO','REGINA'),
('8946812','il5326','CARMONA ORTEGA','CLAUDIO'),
('8959440','pf6638','VARGAS IBAÑEZ','RUTH'),
('8966499','og8839','HERRERA SOTO','RAÚL'),
('9006770','lk5873','FUENTES FLORES','MARÍA'),
('9027178','ha2518','MOYA ORTIZ','ERICO'),
('9029683','pa807','GALLEGO MONTERO','CELSO'),
('9043682','ei8137','WILLIAM WULFRANO','CORA'),
('904983','rw7370','ORTIZ SANTIAGO','ULFRIDA'),
('9077722','rc7460','ROJAS AGUILAR','ERIC'),
('9098212','nz96','FUENTES CAMPOS','ROSENDO'),
('9193516','cb5374','MUÑOZ GONZALEZ','JORGE'),
('9210021','va4554','RAMIREZ DURAN','EULALIA'),
('9235405','hr7321','FERNANDEZ MARTINEZ','HELENIA'),
('9253620','jt3561','GIL BRAVO','RAMÓN'),
('9321584','lb3549','GARRIDO SOTO','HORACIO'),
('9347179','nv7714','NIETO SANTOS','ELVIRA'),
('9356031','yk6866','CARMONA ORTIZ','BLAS'),
('9374799','gh1106','CALVO PARRA','ROQUE'),
('9397383','ph5236','GALLEGO RAMIREZ','RAFAEL'),
('9401654','xp7842','VIDAL HERRERO','URBANA'),
('9406089','dx379','MARIN VICENTE','ERICO'),
('9410740','lq5727','CASTILLO JIMENEZ','FRANCISCO'),
('9445006','ar1108','REYES GUERRERO','ELOISA'),
('9458362','xi5025','PASCUAL HIDALGO','JOSEFINA'),
('9579427','nq8128','MORALES GIL','HERMINIA'),
('960654','ox8107','CRESPO RODRIGUEZ','WALDO'),
('9658443','wn6721','GIL PRIETO','USOA'),
('9661709','kr1545','PEÑA DIAZ','HELI'),
('9669305','mk6517','TORRES GOMEZ','URANO'),
('9675747','yd9089','MORENO SOTO','LINDA'),
('9692421','wo6692','PASCUAL PRIETO','CARIDAD'),
('9694033','xz1192','SAEZ BRAVO','CARIDAD'),
('9695693','as3778','ALVAREZ BRAVO','LEÓN'),
('9713120','rl204','BLANCO GIL','MARGARITA'),
('9715913','oh7812','RAMOS ROMERO','ESPERANZA'),
('9741055','rd6898','HERRERA VEGA','BRÍGIDA'),
('9760634','of1434','IBAÑEZ MARTINEZ','WALTER'),
('9801780','ya1389','CALVO SANCHEZ','MÓNICA'),
('9816502','dg6438','MARTIN MARTINEZ','JULIÁN'),
('9875641','mf3506','SAEZ GUTIERREZ','DINA'),
('9889350','nr3280','MUÑOZ CAMPOS','DANA'),
('9908614','xm4117','MUÑOZ MARTINEZ','MAXIMILIANO'),
('9991445','vi5362','BRAVO GUERRERO','ELVIRA');
 ALTER TABLE `ALUMNO` ENABLE KEYS ;
UNLOCK TABLES;


--
-- Dumping data for table `convocatoria`
--

LOCK TABLES `CONVOCATORIA` WRITE;
 ALTER TABLE `CONVOCATORIA` DISABLE KEYS ;
INSERT INTO `CONVOCATORIA` VALUES ('ordinaria', b'1');
INSERT INTO `CONVOCATORIA` VALUES ('extraordinaria', b'0');


 ALTER TABLE `CONVOCATORIA` ENABLE KEYS ;
UNLOCK TABLES;


--
-- Dumping data for table `curso`
--

LOCK TABLES `CURSO` WRITE;
 ALTER TABLE `CURSO` DISABLE KEYS ;
INSERT INTO `CURSO` VALUES (2016,b'1');
 ALTER TABLE `CURSO` ENABLE KEYS ;
UNLOCK TABLES;


--
-- Dumping data for table `evaluacion`
--

--
-- Dumping data for table `examen`
--

LOCK TABLES `EXAMEN` WRITE;
 ALTER TABLE `EXAMEN` DISABLE KEYS ;
INSERT INTO `EXAMEN` VALUES ('ordinaria2016');
 ALTER TABLE `EXAMEN` ENABLE KEYS ;
UNLOCK TABLES;


--
-- Dumping data for table `grupo_clase`
--

LOCK TABLES `GRUPO_CLASE` WRITE;
 ALTER TABLE `GRUPO_CLASE` DISABLE KEYS ;
INSERT INTO `GRUPO_CLASE` VALUES ('1'),
('2'),
('GM31'),
('GM32'),
('GM33'),
('GT31'),
('GT32'),
('GT33');
 ALTER TABLE `GRUPO_CLASE` ENABLE KEYS ;
UNLOCK TABLES;

--
-- Dumping data for table `grupo_practica`
--

LOCK TABLES `GRUPO_PRACTICA` WRITE;
 ALTER TABLE `GRUPO_PRACTICA` DISABLE KEYS ;
INSERT INTO `GRUPO_PRACTICA` VALUES (1,''),
(2,''),
(13,''),
(1111,'');
 ALTER TABLE `GRUPO_PRACTICA` ENABLE KEYS ;
UNLOCK TABLES;

--
-- Dumping data for table `profesor`
--

LOCK TABLES `PROFESOR` WRITE;
ALTER TABLE `PROFESOR` DISABLE KEYS ;
INSERT INTO `PROFESOR` VALUES (1,'Juana ','de Arco',''),
(2,'Simone','de Beauvoir',''),
(3,'Ada','Lovelace','');
 ALTER TABLE `PROFESOR` ENABLE KEYS ;
UNLOCK TABLES;


--
-- Dumping data for table `imparte`
--

LOCK TABLES `imparte` WRITE;
 ALTER TABLE `imparte` DISABLE KEYS ;
INSERT INTO `imparte` VALUES (1,'GM31',2016),
(1,'GM32',2016),
(2,'GT31',2016),
(2,'GT32',2016),
(3,'GM33',2016),
(3,'GT33',2016);
 ALTER TABLE `imparte` ENABLE KEYS ;
UNLOCK TABLES;



--
-- Dumping data for table `matricula`
--

LOCK TABLES `MATRICULA` WRITE;
 ALTER TABLE `MATRICULA` DISABLE KEYS ;
INSERT INTO `MATRICULA` VALUES (1,'1262987','GM31',2016),
(2,'891083','GT33',2016),
(3,'7412627','GM33',2016),
(4,'2282107','GM33',2016),
(5,'8666608','GT31',2016),
(6,'2296075','GM31',2016),
(7,'3962201','GT31',2016),
(8,'9695693','GM31',2016),
(9,'5669235','GM33',2016),
(10,'9006770','GT32',2016),
(11,'6832457','GT32',2016),
(12,'7247893','GT32',2016),
(13,'464552','GM32',2016),
(14,'8946812','GT32',2016),
(15,'604574','GM33',2016),
(16,'904983','GT31',2016),
(17,'8880937','GT32',2016),
(18,'4401576','GM31',2016),
(19,'6344697','GT33',2016),
(20,'6708097','GT31',2016),
(21,'8243527','GT31',2016),
(22,'2854994','GM31',2016),
(23,'241511','GT32',2016),
(24,'3628465','GT32',2016),
(25,'2405619','GM31',2016),
(26,'7063067','GM33',2016),
(27,'5935795','GT31',2016),
(28,'8708083','GT33',2016),
(29,'4781911','GM31',2016),
(30,'5002729','GM31',2016),
(31,'6417304','GM31',2016),
(32,'4675557','GT31',2016),
(33,'5362913','GT31',2016),
(34,'3426175','GM31',2016),
(35,'3457950','GT32',2016),
(36,'7124309','GM32',2016),
(37,'9694033','GM31',2016),
(38,'9692421','GM32',2016),
(39,'6263862','GT32',2016),
(40,'4530793','GT33',2016),
(41,'5506309','GT32',2016),
(42,'2146605','GT31',2016),
(43,'2549153','GM33',2016),
(44,'3100216','GM32',2016),
(45,'8880143','GT31',2016),
(46,'7431235','GT33',2016),
(47,'2933251','GM32',2016),
(48,'2771377','GM31',2016),
(49,'1986141','GM31',2016),
(50,'5402072','GT32',2016),
(51,'2594081','GT32',2016),
(52,'1702335','GM32',2016),
(53,'9715913','GT31',2016),
(54,'1324292','GT33',2016),
(55,'4962924','GM33',2016),
(56,'7953513','GM33',2016),
(57,'9991445','GM33',2016),
(58,'5347459','GM33',2016),
(59,'4106913','GT32',2016),
(60,'2681462','GM31',2016),
(61,'7103210','GM32',2016),
(62,'4901468','GT31',2016),
(63,'2407996','GT31',2016),
(64,'5255263','GT31',2016),
(65,'2071139','GT32',2016),
(66,'8275857','GM31',2016),
(67,'8035065','GT33',2016),
(68,'3154437','GT32',2016),
(69,'8056512','GM31',2016),
(70,'6217245','GM33',2016),
(71,'2102212','GM33',2016),
(72,'1157700','GM33',2016),
(73,'8142790','GM33',2016),
(74,'4726702','GT32',2016),
(75,'6067075','GM33',2016),
(76,'9675747','GM33',2016),
(77,'9661709','GM32',2016),
(78,'7678858','GM33',2016),
(79,'5192063','GT33',2016),
(80,'5388408','GM33',2016),
(81,'218470','GM31',2016),
(82,'4241233','GT31',2016),
(83,'650691','GM32',2016),
(84,'6188829','GT32',2016),
(85,'1037756','GM31',2016),
(86,'2618455','GM32',2016),
(87,'5950983','GT31',2016),
(88,'9801780','GT32',2016),
(89,'6775571','GT31',2016),
(90,'5482346','GM33',2016),
(91,'6610819','GT33',2016),
(92,'189638','GT31',2016),
(93,'1731272','GT33',2016),
(94,'7336267','GT31',2016),
(95,'9210021','GT33',2016),
(96,'8430093','GT31',2016),
(97,'488189','GT32',2016),
(98,'5277492','GT31',2016),
(99,'823446','GM32',2016),
(100,'9098212','GT32',2016),
(101,'1548369','GT32',2016),
(102,'9669305','GT31',2016),
(103,'855985','GT32',2016),
(104,'2365617','GM31',2016),
(105,'1412331','GM33',2016),
(106,'8795781','GM32',2016),
(107,'811690','GT33',2016),
(108,'7238193','GT33',2016),
(109,'8443366','GM31',2016),
(110,'8766055','GT33',2016),
(111,'8895064','GM33',2016),
(112,'1802989','GT31',2016),
(113,'7340079','GT32',2016),
(114,'9253620','GM33',2016),
(115,'4109952','GT33',2016),
(116,'8852972','GT32',2016),
(117,'354872','GT31',2016),
(118,'1459689','GM33',2016),
(119,'4975723','GM31',2016),
(120,'9193516','GT31',2016),
(121,'6214403','GT31',2016),
(122,'7256511','GT33',2016),
(123,'6444977','GM32',2016),
(124,'1613789','GT32',2016),
(125,'8966499','GT31',2016),
(126,'1972775','GM33',2016),
(127,'5262817','GM31',2016),
(128,'9321584','GT32',2016),
(129,'4254003','GM31',2016),
(130,'9027178','GM33',2016),
(131,'6222768','GM33',2016),
(132,'4882473','GM33',2016),
(133,'4322767','GT32',2016),
(134,'1293941','GM33',2016),
(135,'4595556','GM33',2016),
(136,'9374799','GT32',2016),
(137,'4058971','GT31',2016),
(138,'3558702','GT32',2016),
(139,'9458362','GM33',2016),
(140,'6493887','GM33',2016),
(141,'8219444','GT33',2016),
(142,'1728408','GM33',2016),
(143,'2449874','GM31',2016),
(144,'8728326','GT33',2016),
(145,'9579427','GT33',2016),
(146,'1585253','GM32',2016),
(147,'77143','GT32',2016),
(148,'1778163','GT31',2016),
(149,'8795896','GM33',2016),
(150,'8631354','GM33',2016),
(151,'6057494','GM33',2016),
(152,'2925579','GM31',2016),
(153,'4502952','GM32',2016),
(154,'5352745','GM31',2016),
(155,'8059362','GT33',2016),
(156,'7395320','GM31',2016),
(157,'355158','GM33',2016),
(158,'7433347','GT33',2016),
(159,'3085137','GT32',2016),
(160,'2714210','GT32',2016),
(161,'6602832','GT32',2016),
(162,'9445006','GT32',2016),
(163,'6445018','GM32',2016),
(164,'8160528','GM32',2016),
(165,'3548617','GM32',2016),
(166,'6484704','GT33',2016),
(167,'1724295','GM32',2016),
(168,'1544355','GM32',2016),
(169,'6169466','GM33',2016),
(170,'4292742','GT31',2016),
(171,'5139691','GT32',2016),
(172,'6381180','GT31',2016),
(173,'6366407','GT31',2016),
(174,'7276063','GT32',2016),
(175,'515068','GT33',2016),
(176,'9658443','GT32',2016),
(177,'6010714','GM32',2016),
(178,'8106983','GM33',2016),
(179,'3268195','GM31',2016),
(180,'7942065','GM33',2016),
(181,'2788277','GM32',2016),
(182,'640350','GM33',2016),
(183,'8959440','GT32',2016),
(184,'3725998','GM32',2016),
(185,'5837035','GT33',2016),
(186,'9406089','GT33',2016),
(187,'9235405','GM31',2016),
(188,'638606','GM32',2016),
(189,'6462103','GM31',2016),
(190,'798873','GM33',2016),
(191,'2600646','GT33',2016),
(192,'8835911','GM32',2016),
(193,'4418515','GT31',2016),
(194,'3350950','GT33',2016),
(195,'3733614','GM32',2016),
(196,'2021423','GT32',2016),
(197,'7654315','GM33',2016),
(198,'9889350','GM31',2016),
(199,'722304','GM33',2016),
(200,'6239583','GT32',2016),
(201,'3616420','GT33',2016),
(202,'514943','GT32',2016),
(203,'8477932','GM31',2016),
(204,'319418','GT32',2016),
(205,'9356031','GM31',2016),
(206,'6728718','GM31',2016),
(207,'3972035','GT31',2016),
(208,'4162489','GT31',2016),
(209,'7692596','GT32',2016),
(210,'8032869','GT33',2016),
(211,'3714638','GM33',2016),
(212,'3349198','GM33',2016),
(213,'3206928','GM31',2016),
(214,'437962','GT32',2016),
(215,'2868371','GM31',2016),
(216,'8345647','GT33',2016),
(217,'1025920','GM33',2016),
(218,'7545490','GT33',2016),
(219,'3960219','GM32',2016),
(220,'8019599','GM32',2016),
(221,'960654','GT31',2016),
(222,'3754381','GM33',2016),
(223,'5074542','GM31',2016),
(224,'1070900','GM33',2016),
(225,'4060403','GT31',2016),
(226,'8175410','GM31',2016),
(227,'9397383','GT33',2016),
(228,'3691538','GM31',2016),
(229,'9410740','GM31',2016),
(230,'1777237','GT31',2016),
(231,'1180575','GT33',2016),
(232,'9816502','GT32',2016),
(233,'4182440','GM32',2016),
(234,'8873539','GT31',2016),
(235,'6692275','GT32',2016),
(236,'7912301','GT33',2016),
(237,'6443163','GM31',2016),
(238,'2800091','GM32',2016),
(239,'8240493','GT33',2016),
(240,'4461611','GM33',2016),
(241,'2669616','GM33',2016),
(242,'4333840','GM32',2016),
(243,'2413314','GT32',2016),
(244,'2737261','GT31',2016),
(245,'8819928','GM31',2016),
(246,'7952785','GT31',2016),
(247,'3656599','GT33',2016),
(248,'2031213','GT31',2016),
(249,'5231936','GM31',2016),
(250,'2243182','GM33',2016),
(251,'5162305','GT31',2016),
(252,'513077','GT31',2016),
(253,'447993','GM33',2016),
(254,'8705556','GM32',2016),
(255,'9741055','GM32',2016),
(256,'2169505','GT33',2016),
(257,'4749239','GM33',2016),
(258,'3215933','GT33',2016),
(259,'3723328','GT31',2016),
(260,'1947723','GM32',2016),
(261,'8806561','GT33',2016),
(262,'2884322','GT33',2016),
(263,'1741033','GM33',2016),
(264,'1525588','GT31',2016),
(265,'9029683','GT32',2016),
(266,'4814455','GM31',2016),
(267,'6880876','GM32',2016),
(268,'6702030','GT33',2016),
(269,'9077722','GM31',2016),
(270,'3186465','GT32',2016),
(271,'562409','GM33',2016),
(272,'216502','GT31',2016),
(273,'2539692','GT33',2016),
(274,'2330666','GM33',2016),
(275,'5581644','GT33',2016),
(276,'8942279','GT33',2016),
(277,'5597509','GT31',2016),
(278,'6042920','GT33',2016),
(279,'203651','GT32',2016),
(280,'1604254','GT32',2016),
(281,'1794468','GT33',2016),
(282,'3469157','GT33',2016),
(283,'179743','GT33',2016),
(284,'6649545','GM32',2016),
(285,'2987232','GT31',2016),
(286,'7137219','GT31',2016),
(287,'6432676','GT33',2016),
(288,'3268025','GM33',2016),
(289,'3203712','GT33',2016),
(290,'4356735','GT31',2016),
(291,'4729418','GT33',2016),
(292,'9401654','GM32',2016),
(293,'7824114','GM32',2016),
(294,'9347179','GT31',2016),
(295,'9713120','GT31',2016),
(296,'6687667','GM33',2016),
(297,'9043682','GM32',2016),
(298,'5657236','GM32',2016),
(299,'2453004','GM31',2016),
(300,'3928962','GT33',2016),
(301,'5333237','GM32',2016),
(302,'9908614','GT31',2016),
(303,'3276129','GM33',2016),
(304,'601259','GT33',2016),
(305,'2772328','GT32',2016),
(306,'2767','GM32',2016),
(307,'684460','GT31',2016),
(308,'7200583','GT33',2016),
(309,'1538038','GT32',2016),
(310,'4410214','GT31',2016),
(311,'9875641','GM31',2016),
(312,'9760634','GT33',2016),
(313,'5625951','GT32',2016),
(314,'6854476','GM31',2016),
(315,'3285087','GM31',2016),
(316,'8598533','GM32',2016),
(317,'2649600','GT33',2016),
(318,'3682769','GT33',2016),
(319,'8042630','GM32',2016),
(320,'1507234','GT31',2016),
(321,'6430079','GT32',2016),
(322,'6410341','GT32',2016),
(323,'8104716','GM32',2016),
(324,'3752784','GT32',2016),
(325,'3484261','GT32',2016),
(326,'5795354','GM32',2016),
(327,'1850429','GM33',2016),
(328,'6925544','GT31',2016),
(329,'8191294','GM32',2016),
(330,'2800048','GT32',2016);
 ALTER TABLE `MATRICULA` ENABLE KEYS ;
UNLOCK TABLES;


--
-- Dumping data for table `practica`
--

LOCK TABLES `PRACTICA` WRITE;
 ALTER TABLE `PRACTICA` DISABLE KEYS ;
INSERT INTO `PRACTICA` VALUES ('ordinaria2016');
 ALTER TABLE `PRACTICA` ENABLE KEYS ;
UNLOCK TABLES;




--
-- Dumping data for table `tipo_evaluacion`
--

LOCK TABLES `TIPO_EVALUACION` WRITE;
 ALTER TABLE `TIPO_EVALUACION` DISABLE KEYS ;
INSERT INTO `TIPO_EVALUACION` VALUES (1,50,25,25);
INSERT INTO `TIPO_EVALUACION` VALUES (0,100,0,0);
 ALTER TABLE `TIPO_EVALUACION` ENABLE KEYS ;
UNLOCK TABLES;

--
-- Dumping data for table `tutoria`
--

LOCK TABLES `TUTORIA` WRITE;
 ALTER TABLE `TUTORIA` DISABLE KEYS ;
INSERT INTO `TUTORIA` VALUES (1,1,1,2016,'ordinaria'),
(2,2,2,2016,'ordinaria'),
(3,3,13,2016,'ordinaria'),
(4,2,1111,2016,'ordinaria');
 ALTER TABLE `TUTORIA` ENABLE KEYS ;
UNLOCK TABLES;

LOCK TABLES `EVALUACION` WRITE;
ALTER TABLE `EVALUACION` DISABLE KEYS;
INSERT INTO `EVALUACION` VALUES 
(1,'1262987',NULL,1,'ordinaria2016','ordinaria2016',0,0,0,3,1,1.1,0,2016,'ordinaria',0,0),
(2,'891083',NULL,1,'ordinaria2016','ordinaria2016',0,0,2,1,1,1.1,0,2016,'ordinaria',0,0),
(3,'7412627',NULL,1,'ordinaria2016','ordinaria2016',0,0,0,2,0,2,0,2016,'ordinaria',0,0),
(4,'2282107',2,1,'ordinaria2016','ordinaria2016',6,0,0,3,0,1.25,0,2016,'ordinaria',0,0),
(5,'8666608',2,1,'ordinaria2016','ordinaria2016',6,5,3,0,2,1.1,0,2016,'ordinaria',0,0),
(6,'2296075',NULL,1,'ordinaria2016','ordinaria2016',0,0,0,2,1,2,0,2016,'ordinaria',0,0),
(7,'3962201',NULL,1,'ordinaria2016','ordinaria2016',0,0,1,1,0,1.1,0,2016,'ordinaria',0,0),
(8,'9695693',NULL,1,'ordinaria2016','ordinaria2016',0,0,3,0,1,1.1,0,2016,'ordinaria',0,0),
(9,'5669235',NULL,1,'ordinaria2016','ordinaria2016',0,0,0,2,1,2,0,2016,'ordinaria',0,0),
(10,'9006770',NULL,1,'ordinaria2016','ordinaria2016',0,0,0,3,2,1.1,0,2016,'ordinaria',0,0),
(11,'6832457',NULL,1,'ordinaria2016','ordinaria2016',0,0,1,2,1,1.1,0,2016,'ordinaria',0,0),
(12,'7247893',NULL,1,'ordinaria2016','ordinaria2016',0,0,1,0,2,2,0,2016,'ordinaria',0,0),
(13,'464552',NULL,1,'ordinaria2016','ordinaria2016',0,0,1,0,2,1.1,0,2016,'ordinaria',0,0),
(14,'8946812',NULL,1,'ordinaria2016','ordinaria2016',0,0,3,2,0,1.25,0,2016,'ordinaria',0,0),
(15,'604574',NULL,1,'ordinaria2016','ordinaria2016',0,0,0,2,0,1.25,0,2016,'ordinaria',0,0),
(16,'904983',NULL,1,'ordinaria2016','ordinaria2016',0,0,0,0,0,1.1,0,2016,'ordinaria',0,0),
(17,'8880937',NULL,1,'ordinaria2016','ordinaria2016',0,0,0,2,1,1.1,0,2016,'ordinaria',0,0),
(18,'4401576',NULL,1,'ordinaria2016','ordinaria2016',0,0,0,2,2,2,0,2016,'ordinaria',0,0),
(19,'6344697',NULL,1,'ordinaria2016','ordinaria2016',0,0,2,3,2,1.25,0,2016,'ordinaria',0,0),
(20,'6708097',NULL,1,'ordinaria2016','ordinaria2016',0,0,1,2,0,1.1,0,2016,'ordinaria',0,0),
(21,'8243527',NULL,1,'ordinaria2016','ordinaria2016',0,0,2,2,1,1.1,0,2016,'ordinaria',0,0),
(22,'2854994',NULL,1,'ordinaria2016','ordinaria2016',0,0,3,0,1,1.25,0,2016,'ordinaria',0,0),
(23,'241511',NULL,1,'ordinaria2016','ordinaria2016',0,0,1,1,0,1.1,0,2016,'ordinaria',0,0),
(24,'3628465',NULL,1,'ordinaria2016','ordinaria2016',0,0,3,1,0,1.25,0,2016,'ordinaria',0,0),
(25,'2405619',NULL,1,'ordinaria2016','ordinaria2016',0,0,0,3,0,1.25,0,2016,'ordinaria',0,0),
(26,'7063067',NULL,1,'ordinaria2016','ordinaria2016',0,0,3,3,1,2,0,2016,'ordinaria',0,0),
(27,'5935795',NULL,1,'ordinaria2016','ordinaria2016',0,0,0,3,0,1.25,0,2016,'ordinaria',0,0),
(28,'8708083',NULL,1,'ordinaria2016','ordinaria2016',0,0,2,0,2,1.25,0,2016,'ordinaria',0,0),
(29,'4781911',NULL,1,'ordinaria2016','ordinaria2016',0,0,3,1,1,1.25,0,2016,'ordinaria',0,0),
(30,'5002729',NULL,1,'ordinaria2016','ordinaria2016',0,0,2,1,2,1.1,0,2016,'ordinaria',0,0),
(31,'6417304',NULL,1,'ordinaria2016','ordinaria2016',0,0,2,2,1,1.1,0,2016,'ordinaria',0,0),
(32,'4675557',NULL,1,'ordinaria2016','ordinaria2016',0,0,0,3,2,1.1,0,2016,'ordinaria',0,0),
(33,'5362913',NULL,1,'ordinaria2016','ordinaria2016',0,0,3,1,0,2,0,2016,'ordinaria',0,0),
(34,'3426175',NULL,1,'ordinaria2016','ordinaria2016',0,0,2,2,1,2,0,2016,'ordinaria',0,0),
(35,'3457950',NULL,1,'ordinaria2016','ordinaria2016',0,0,2,0,0,2,0,2016,'ordinaria',0,0),
(36,'7124309',NULL,1,'ordinaria2016','ordinaria2016',0,0,1,0,2,1.25,0,2016,'ordinaria',0,0),
(37,'9694033',NULL,1,'ordinaria2016','ordinaria2016',0,0,2,3,1,2,0,2016,'ordinaria',0,0),
(38,'9692421',NULL,1,'ordinaria2016','ordinaria2016',0,0,3,3,1,1.25,0,2016,'ordinaria',0,0),
(39,'6263862',NULL,1,'ordinaria2016','ordinaria2016',0,0,0,1,2,2,0,2016,'ordinaria',0,0),
(40,'4530793',NULL,1,'ordinaria2016','ordinaria2016',0,0,2,0,0,1.25,0,2016,'ordinaria',0,0),
(41,'5506309',NULL,1,'ordinaria2016','ordinaria2016',0,0,0,0,2,1.1,0,2016,'ordinaria',0,0),
(42,'2146605',NULL,1,'ordinaria2016','ordinaria2016',0,0,1,2,1,1.25,0,2016,'ordinaria',0,0),
(43,'2549153',NULL,1,'ordinaria2016','ordinaria2016',0,0,1,0,1,1.25,0,2016,'ordinaria',0,0),
(44,'3100216',NULL,1,'ordinaria2016','ordinaria2016',0,0,0,2,1,1.1,0,2016,'ordinaria',0,0),
(45,'8880143',NULL,1,'ordinaria2016','ordinaria2016',0,0,3,0,2,1.1,0,2016,'ordinaria',0,0),
(46,'7431235',NULL,1,'ordinaria2016','ordinaria2016',0,0,0,2,1,1.25,0,2016,'ordinaria',0,0),
(47,'2933251',NULL,1,'ordinaria2016','ordinaria2016',0,0,2,3,2,1.1,0,2016,'ordinaria',0,0),
(48,'2771377',NULL,1,'ordinaria2016','ordinaria2016',0,0,1,2,0,2,0,2016,'ordinaria',0,0),
(49,'1986141',NULL,1,'ordinaria2016','ordinaria2016',0,0,0,2,2,1.1,0,2016,'ordinaria',0,0),
(50,'5402072',NULL,1,'ordinaria2016','ordinaria2016',0,0,0,0,0,1.1,0,2016,'ordinaria',0,0),
(51,'2594081',NULL,1,'ordinaria2016','ordinaria2016',0,0,2,2,1,1.1,0,2016,'ordinaria',0,0),
(52,'1702335',NULL,1,'ordinaria2016','ordinaria2016',0,0,0,2,1,2,0,2016,'ordinaria',0,0),
(53,'9715913',NULL,1,'ordinaria2016','ordinaria2016',0,0,1,2,1,2,0,2016,'ordinaria',0,0),
(54,'1324292',NULL,1,'ordinaria2016','ordinaria2016',0,0,3,0,2,2,0,2016,'ordinaria',0,0),
(55,'4962924',NULL,1,'ordinaria2016','ordinaria2016',0,0,1,0,2,1.25,0,2016,'ordinaria',0,0),
(56,'7953513',NULL,1,'ordinaria2016','ordinaria2016',0,0,3,1,0,2,0,2016,'ordinaria',0,0),
(57,'9991445',NULL,1,'ordinaria2016','ordinaria2016',0,0,3,0,2,1.25,0,2016,'ordinaria',0,0),
(58,'5347459',NULL,1,'ordinaria2016','ordinaria2016',0,0,3,0,2,1.25,0,2016,'ordinaria',0,0),
(59,'4106913',NULL,1,'ordinaria2016','ordinaria2016',0,0,1,1,1,1.25,0,2016,'ordinaria',0,0),
(60,'2681462',NULL,1,'ordinaria2016','ordinaria2016',0,0,3,2,0,1.25,0,2016,'ordinaria',0,0),
(61,'7103210',NULL,1,'ordinaria2016','ordinaria2016',0,0,2,0,0,2,0,2016,'ordinaria',0,0),
(62,'4901468',NULL,1,'ordinaria2016','ordinaria2016',0,0,1,0,1,1.1,0,2016,'ordinaria',0,0),
(63,'2407996',NULL,1,'ordinaria2016','ordinaria2016',0,0,0,3,2,2,0,2016,'ordinaria',0,0),
(64,'5255263',NULL,1,'ordinaria2016','ordinaria2016',0,0,3,0,1,1.1,0,2016,'ordinaria',0,0),
(65,'2071139',NULL,1,'ordinaria2016','ordinaria2016',0,0,2,2,0,1.25,0,2016,'ordinaria',0,0),
(66,'8275857',NULL,1,'ordinaria2016','ordinaria2016',0,0,3,0,2,2,0,2016,'ordinaria',0,0),
(67,'8035065',NULL,1,'ordinaria2016','ordinaria2016',0,0,0,0,1,2,0,2016,'ordinaria',0,0),
(68,'3154437',NULL,1,'ordinaria2016','ordinaria2016',0,0,0,2,1,1.1,0,2016,'ordinaria',0,0),
(69,'8056512',NULL,1,'ordinaria2016','ordinaria2016',0,0,0,1,1,1.25,0,2016,'ordinaria',0,0),
(70,'6217245',NULL,1,'ordinaria2016','ordinaria2016',0,0,1,2,0,1.25,0,2016,'ordinaria',0,0),
(71,'2102212',NULL,1,'ordinaria2016','ordinaria2016',0,0,1,3,1,2,0,2016,'ordinaria',0,0),
(72,'1157700',NULL,1,'ordinaria2016','ordinaria2016',0,0,0,1,0,1.1,0,2016,'ordinaria',0,0),
(73,'8142790',NULL,1,'ordinaria2016','ordinaria2016',0,0,0,3,2,1.25,0,2016,'ordinaria',0,0),
(74,'4726702',NULL,1,'ordinaria2016','ordinaria2016',0,0,2,0,1,2,0,2016,'ordinaria',0,0),
(75,'6067075',NULL,1,'ordinaria2016','ordinaria2016',0,0,2,3,0,1.1,0,2016,'ordinaria',0,0),
(76,'9675747',NULL,1,'ordinaria2016','ordinaria2016',0,0,1,1,2,1.25,0,2016,'ordinaria',0,0),
(77,'9661709',NULL,1,'ordinaria2016','ordinaria2016',0,0,3,3,2,1.1,0,2016,'ordinaria',0,0),
(78,'7678858',NULL,1,'ordinaria2016','ordinaria2016',0,0,2,0,2,1.1,0,2016,'ordinaria',0,0),
(79,'5192063',NULL,1,'ordinaria2016','ordinaria2016',0,0,2,2,1,1.25,0,2016,'ordinaria',0,0),
(80,'5388408',NULL,1,'ordinaria2016','ordinaria2016',0,0,0,1,1,2,0,2016,'ordinaria',0,0),
(81,'218470',NULL,1,'ordinaria2016','ordinaria2016',0,0,3,1,1,1.1,0,2016,'ordinaria',0,0),
(82,'4241233',NULL,1,'ordinaria2016','ordinaria2016',0,0,0,1,1,1.1,2,2016,'ordinaria',0,0),
(83,'650691',NULL,1,'ordinaria2016','ordinaria2016',0,0,0,2,1,1.1,0,2016,'ordinaria',0,0),
(84,'6188829',NULL,1,'ordinaria2016','ordinaria2016',0,0,1,0,1,1.25,0,2016,'ordinaria',0,0),
(85,'1037756',NULL,1,'ordinaria2016','ordinaria2016',0,0,3,2,1,2,0,2016,'ordinaria',0,0),
(86,'2618455',NULL,1,'ordinaria2016','ordinaria2016',0,0,3,1,2,2,0,2016,'ordinaria',0,0),
(87,'5950983',NULL,1,'ordinaria2016','ordinaria2016',0,0,2,2,0,1.25,0,2016,'ordinaria',0,0),
(88,'9801780',NULL,1,'ordinaria2016','ordinaria2016',0,0,3,1,2,1.25,0,2016,'ordinaria',0,0),
(89,'6775571',NULL,1,'ordinaria2016','ordinaria2016',0,0,1,0,1,1.25,0,2016,'ordinaria',0,0),
(90,'5482346',NULL,1,'ordinaria2016','ordinaria2016',0,0,3,0,1,2,0,2016,'ordinaria',0,0),
(91,'6610819',NULL,1,'ordinaria2016','ordinaria2016',0,0,1,2,2,1.25,0,2016,'ordinaria',0,0),
(92,'189638',NULL,1,'ordinaria2016','ordinaria2016',0,0,1,1,1,1.1,0,2016,'ordinaria',0,0),
(93,'1731272',NULL,1,'ordinaria2016','ordinaria2016',0,0,0,3,0,1.25,0,2016,'ordinaria',0,0),
(94,'7336267',NULL,1,'ordinaria2016','ordinaria2016',0,0,0,2,0,1.25,0,2016,'ordinaria',0,0),
(95,'9210021',NULL,1,'ordinaria2016','ordinaria2016',0,0,3,1,1,2,0,2016,'ordinaria',0,0),
(96,'8430093',1111,1,'ordinaria2016','ordinaria2016',9,0,3,0,1,1.25,4,2016,'ordinaria',0,0),
(97,'488189',NULL,1,'ordinaria2016','ordinaria2016',0,0,2,2,1,1.1,0,2016,'ordinaria',0,0),
(98,'5277492',NULL,1,'ordinaria2016','ordinaria2016',0,0,1,2,1,1.25,0,2016,'ordinaria',0,0),
(99,'823446',NULL,1,'ordinaria2016','ordinaria2016',0,0,0,2,0,2,0,2016,'ordinaria',0,0),
(100,'9098212',NULL,1,'ordinaria2016','ordinaria2016',0,0,0,0,0,2,0,2016,'ordinaria',0,0),
(101,'1548369',NULL,1,'ordinaria2016','ordinaria2016',0,0,3,2,2,1.25,0,2016,'ordinaria',0,0),
(102,'9669305',NULL,1,'ordinaria2016','ordinaria2016',0,0,3,2,0,1.25,0,2016,'ordinaria',0,0),
(103,'855985',NULL,1,'ordinaria2016','ordinaria2016',0,0,3,3,0,1.25,0,2016,'ordinaria',0,0),
(104,'2365617',NULL,1,'ordinaria2016','ordinaria2016',0,0,2,3,2,2,0,2016,'ordinaria',0,0),
(105,'1412331',NULL,1,'ordinaria2016','ordinaria2016',0,0,1,3,0,1.1,0,2016,'ordinaria',0,0),
(106,'8795781',NULL,1,'ordinaria2016','ordinaria2016',0,0,1,1,2,1.25,0,2016,'ordinaria',0,0),
(107,'811690',NULL,1,'ordinaria2016','ordinaria2016',0,0,1,0,0,2,0,2016,'ordinaria',0,0),
(108,'7238193',NULL,1,'ordinaria2016','ordinaria2016',0,0,1,2,2,1.1,0,2016,'ordinaria',0,0),
(109,'8443366',NULL,1,'ordinaria2016','ordinaria2016',0,0,0,2,0,1.1,0,2016,'ordinaria',0,0),
(110,'8766055',NULL,1,'ordinaria2016','ordinaria2016',0,0,3,3,2,2,0,2016,'ordinaria',0,0),
(111,'8895064',NULL,1,'ordinaria2016','ordinaria2016',0,0,2,1,0,2,0,2016,'ordinaria',0,0),
(112,'1802989',NULL,1,'ordinaria2016','ordinaria2016',0,0,3,0,1,1.25,0,2016,'ordinaria',0,0),
(113,'7340079',NULL,1,'ordinaria2016','ordinaria2016',0,0,3,3,1,2,0,2016,'ordinaria',0,0),
(114,'9253620',NULL,1,'ordinaria2016','ordinaria2016',0,0,3,2,0,2,0,2016,'ordinaria',0,0),
(115,'4109952',NULL,1,'ordinaria2016','ordinaria2016',0,0,1,1,2,2,0,2016,'ordinaria',0,0),
(116,'8852972',NULL,1,'ordinaria2016','ordinaria2016',0,0,3,3,0,1.25,0,2016,'ordinaria',0,0),
(117,'354872',NULL,1,'ordinaria2016','ordinaria2016',0,0,1,0,2,1.25,0,2016,'ordinaria',0,0),
(118,'1459689',NULL,1,'ordinaria2016','ordinaria2016',0,0,2,0,0,2,0,2016,'ordinaria',0,0),
(119,'4975723',NULL,1,'ordinaria2016','ordinaria2016',0,0,3,1,1,1.1,0,2016,'ordinaria',0,0),
(120,'9193516',NULL,1,'ordinaria2016','ordinaria2016',0,0,2,1,1,2,0,2016,'ordinaria',0,0),
(121,'6214403',NULL,1,'ordinaria2016','ordinaria2016',0,0,0,1,2,1.1,0,2016,'ordinaria',0,0),
(122,'7256511',NULL,1,'ordinaria2016','ordinaria2016',0,0,2,2,2,2,0,2016,'ordinaria',0,0),
(123,'6444977',NULL,1,'ordinaria2016','ordinaria2016',0,0,1,0,2,2,0,2016,'ordinaria',0,0),
(124,'1613789',NULL,1,'ordinaria2016','ordinaria2016',0,0,1,3,2,2,0,2016,'ordinaria',0,0),
(125,'8966499',NULL,1,'ordinaria2016','ordinaria2016',0,0,0,0,0,2,0,2016,'ordinaria',0,0),
(126,'1972775',NULL,1,'ordinaria2016','ordinaria2016',0,0,2,2,0,1.25,0,2016,'ordinaria',0,0),
(127,'5262817',NULL,1,'ordinaria2016','ordinaria2016',0,0,3,3,2,2,0,2016,'ordinaria',0,0),
(128,'9321584',NULL,1,'ordinaria2016','ordinaria2016',0,0,2,0,2,1.25,0,2016,'ordinaria',0,0),
(129,'4254003',NULL,1,'ordinaria2016','ordinaria2016',0,0,0,2,1,1.25,0,2016,'ordinaria',0,0),
(130,'9027178',NULL,1,'ordinaria2016','ordinaria2016',0,0,2,2,2,1.1,0,2016,'ordinaria',0,0),
(131,'6222768',NULL,1,'ordinaria2016','ordinaria2016',0,0,3,3,2,1.25,0,2016,'ordinaria',0,0),
(132,'4882473',NULL,1,'ordinaria2016','ordinaria2016',0,0,2,2,1,1.1,0,2016,'ordinaria',0,0),
(133,'4322767',NULL,1,'ordinaria2016','ordinaria2016',0,0,0,1,0,2,0,2016,'ordinaria',0,0),
(134,'1293941',NULL,1,'ordinaria2016','ordinaria2016',0,0,2,0,0,2,0,2016,'ordinaria',0,0),
(135,'4595556',NULL,1,'ordinaria2016','ordinaria2016',0,0,1,0,1,2,0,2016,'ordinaria',0,0),
(136,'9374799',NULL,1,'ordinaria2016','ordinaria2016',0,0,0,0,0,1.1,0,2016,'ordinaria',0,0),
(137,'4058971',NULL,1,'ordinaria2016','ordinaria2016',0,0,3,3,2,1.1,0,2016,'ordinaria',0,0),
(138,'3558702',NULL,1,'ordinaria2016','ordinaria2016',0,0,2,2,1,1.25,0,2016,'ordinaria',0,0),
(139,'9458362',NULL,1,'ordinaria2016','ordinaria2016',0,0,0,1,1,1.1,0,2016,'ordinaria',0,0),
(140,'6493887',NULL,1,'ordinaria2016','ordinaria2016',0,0,3,3,1,1.25,0,2016,'ordinaria',0,0),
(141,'8219444',NULL,1,'ordinaria2016','ordinaria2016',0,0,2,3,1,1.25,0,2016,'ordinaria',0,0),
(142,'1728408',NULL,1,'ordinaria2016','ordinaria2016',0,0,3,0,2,2,0,2016,'ordinaria',0,0),
(143,'2449874',NULL,1,'ordinaria2016','ordinaria2016',0,0,2,2,1,2,0,2016,'ordinaria',0,0),
(144,'8728326',NULL,1,'ordinaria2016','ordinaria2016',0,0,1,3,2,1.1,0,2016,'ordinaria',0,0),
(145,'9579427',NULL,1,'ordinaria2016','ordinaria2016',0,0,1,2,1,2,0,2016,'ordinaria',0,0),
(146,'1585253',NULL,1,'ordinaria2016','ordinaria2016',0,0,0,2,2,1.25,0,2016,'ordinaria',0,0),
(147,'77143',NULL,1,'ordinaria2016','ordinaria2016',0,0,0,0,0,2,0,2016,'ordinaria',0,0),
(148,'1778163',NULL,1,'ordinaria2016','ordinaria2016',0,0,1,2,0,1.25,0,2016,'ordinaria',0,0),
(149,'8795896',NULL,1,'ordinaria2016','ordinaria2016',0,0,2,2,2,2,0,2016,'ordinaria',0,0),
(150,'8631354',NULL,1,'ordinaria2016','ordinaria2016',0,0,0,0,2,1.25,0,2016,'ordinaria',0,0),
(151,'6057494',NULL,1,'ordinaria2016','ordinaria2016',0,0,3,1,1,1.25,0,2016,'ordinaria',0,0),
(152,'2925579',NULL,1,'ordinaria2016','ordinaria2016',0,0,1,1,0,1.1,0,2016,'ordinaria',0,0),
(153,'4502952',NULL,1,'ordinaria2016','ordinaria2016',0,0,1,2,2,1.1,0,2016,'ordinaria',0,0),
(154,'5352745',NULL,1,'ordinaria2016','ordinaria2016',0,0,1,0,0,1.25,0,2016,'ordinaria',0,0),
(155,'8059362',NULL,1,'ordinaria2016','ordinaria2016',0,0,3,1,2,1.25,0,2016,'ordinaria',0,0),
(156,'7395320',NULL,1,'ordinaria2016','ordinaria2016',0,0,0,3,2,2,0,2016,'ordinaria',0,0),
(157,'355158',NULL,1,'ordinaria2016','ordinaria2016',0,0,2,0,0,2,0,2016,'ordinaria',0,0),
(158,'7433347',NULL,1,'ordinaria2016','ordinaria2016',0,0,3,2,2,1.25,0,2016,'ordinaria',0,0),
(159,'3085137',NULL,1,'ordinaria2016','ordinaria2016',0,0,0,2,2,1.25,0,2016,'ordinaria',0,0),
(160,'2714210',NULL,1,'ordinaria2016','ordinaria2016',0,0,2,1,0,1.25,0,2016,'ordinaria',0,0),
(161,'6602832',NULL,1,'ordinaria2016','ordinaria2016',0,0,3,2,0,2,0,2016,'ordinaria',0,0),
(162,'9445006',NULL,1,'ordinaria2016','ordinaria2016',0,0,2,3,0,1.25,0,2016,'ordinaria',0,0),
(163,'6445018',NULL,1,'ordinaria2016','ordinaria2016',0,0,1,3,1,1.25,0,2016,'ordinaria',0,0),
(164,'8160528',NULL,1,'ordinaria2016','ordinaria2016',0,0,0,0,2,2,0,2016,'ordinaria',0,0),
(165,'3548617',NULL,1,'ordinaria2016','ordinaria2016',0,0,0,0,2,2,0,2016,'ordinaria',0,0),
(166,'6484704',NULL,1,'ordinaria2016','ordinaria2016',0,0,1,2,2,1.25,0,2016,'ordinaria',0,0),
(167,'1724295',13,1,'ordinaria2016','ordinaria2016',10,0,1,2,1,2,0,2016,'ordinaria',0,0),
(168,'1544355',NULL,1,'ordinaria2016','ordinaria2016',0,0,2,3,0,1.1,0,2016,'ordinaria',0,0),
(169,'6169466',NULL,1,'ordinaria2016','ordinaria2016',0,0,1,0,2,1.25,0,2016,'ordinaria',0,0),
(170,'4292742',NULL,1,'ordinaria2016','ordinaria2016',0,0,3,2,2,2,0,2016,'ordinaria',0,0),
(171,'5139691',NULL,1,'ordinaria2016','ordinaria2016',0,0,1,2,0,2,0,2016,'ordinaria',0,0),
(172,'6381180',NULL,1,'ordinaria2016','ordinaria2016',0,0,1,0,1,1.25,0,2016,'ordinaria',0,0),
(173,'6366407',NULL,1,'ordinaria2016','ordinaria2016',0,0,0,2,0,1.25,0,2016,'ordinaria',0,0),
(174,'7276063',NULL,1,'ordinaria2016','ordinaria2016',0,0,0,3,1,1.1,0,2016,'ordinaria',0,0),
(175,'515068',NULL,1,'ordinaria2016','ordinaria2016',0,0,0,0,0,2,0,2016,'ordinaria',0,0),
(176,'9658443',NULL,1,'ordinaria2016','ordinaria2016',0,0,0,3,0,2,0,2016,'ordinaria',0,0),
(177,'6010714',NULL,1,'ordinaria2016','ordinaria2016',0,0,1,2,0,1.25,0,2016,'ordinaria',0,0),
(178,'8106983',NULL,1,'ordinaria2016','ordinaria2016',0,0,0,0,1,1.1,0,2016,'ordinaria',0,0),
(179,'3268195',NULL,1,'ordinaria2016','ordinaria2016',0,0,2,2,0,2,0,2016,'ordinaria',0,0),
(180,'7942065',NULL,1,'ordinaria2016','ordinaria2016',0,0,0,3,2,2,0,2016,'ordinaria',0,0),
(181,'2788277',NULL,1,'ordinaria2016','ordinaria2016',0,0,0,1,1,1.25,0,2016,'ordinaria',0,0),
(182,'640350',NULL,1,'ordinaria2016','ordinaria2016',0,0,1,3,0,1.25,0,2016,'ordinaria',0,0),
(183,'8959440',NULL,1,'ordinaria2016','ordinaria2016',0,0,0,0,2,1.1,0,2016,'ordinaria',0,0),
(184,'3725998',NULL,1,'ordinaria2016','ordinaria2016',0,0,0,2,1,1.25,0,2016,'ordinaria',0,0),
(185,'5837035',NULL,1,'ordinaria2016','ordinaria2016',0,0,3,1,1,1.1,0,2016,'ordinaria',0,0),
(186,'9406089',NULL,1,'ordinaria2016','ordinaria2016',0,0,3,3,0,1.1,0,2016,'ordinaria',0,0),
(187,'9235405',NULL,1,'ordinaria2016','ordinaria2016',0,0,0,1,1,1.25,0,2016,'ordinaria',0,0),
(188,'638606',NULL,1,'ordinaria2016','ordinaria2016',0,0,3,3,2,1.25,0,2016,'ordinaria',0,0),
(189,'6462103',NULL,1,'ordinaria2016','ordinaria2016',0,0,3,0,1,1.25,0,2016,'ordinaria',0,0),
(190,'798873',NULL,1,'ordinaria2016','ordinaria2016',0,0,0,2,0,2,0,2016,'ordinaria',0,0),
(191,'2600646',NULL,1,'ordinaria2016','ordinaria2016',0,0,1,0,2,2,0,2016,'ordinaria',0,0),
(192,'8835911',NULL,1,'ordinaria2016','ordinaria2016',0,0,1,1,1,2,0,2016,'ordinaria',0,0),
(193,'4418515',NULL,1,'ordinaria2016','ordinaria2016',0,0,2,0,2,2,0,2016,'ordinaria',0,0),
(194,'3350950',NULL,1,'ordinaria2016','ordinaria2016',0,0,2,2,2,1.1,0,2016,'ordinaria',0,0),
(195,'3733614',NULL,1,'ordinaria2016','ordinaria2016',0,0,1,1,2,1.25,0,2016,'ordinaria',0,0),
(196,'2021423',NULL,1,'ordinaria2016','ordinaria2016',0,0,0,2,1,2,0,2016,'ordinaria',0,0),
(197,'7654315',NULL,1,'ordinaria2016','ordinaria2016',0,0,0,0,0,2,0,2016,'ordinaria',0,0),
(198,'9889350',NULL,1,'ordinaria2016','ordinaria2016',0,0,2,2,1,1.1,0,2016,'ordinaria',0,0),
(199,'722304',NULL,1,'ordinaria2016','ordinaria2016',0,0,3,0,0,2,0,2016,'ordinaria',0,0),
(200,'6239583',NULL,1,'ordinaria2016','ordinaria2016',0,0,1,1,0,1.1,0,2016,'ordinaria',0,0),
(201,'3616420',NULL,1,'ordinaria2016','ordinaria2016',0,0,0,1,1,2,0,2016,'ordinaria',0,0),
(202,'514943',NULL,1,'ordinaria2016','ordinaria2016',0,0,1,0,2,2,0,2016,'ordinaria',0,0),
(203,'8477932',NULL,1,'ordinaria2016','ordinaria2016',0,0,2,1,0,2,0,2016,'ordinaria',0,0),
(204,'319418',NULL,1,'ordinaria2016','ordinaria2016',0,0,0,0,1,2,0,2016,'ordinaria',0,0),
(205,'9356031',NULL,1,'ordinaria2016','ordinaria2016',0,0,1,2,1,1.1,0,2016,'ordinaria',0,0),
(206,'6728718',NULL,1,'ordinaria2016','ordinaria2016',0,0,3,2,2,1.1,0,2016,'ordinaria',0,0),
(207,'3972035',NULL,1,'ordinaria2016','ordinaria2016',0,0,1,0,0,1.25,0,2016,'ordinaria',0,0),
(208,'4162489',NULL,1,'ordinaria2016','ordinaria2016',0,0,3,2,1,2,0,2016,'ordinaria',0,0),
(209,'7692596',NULL,1,'ordinaria2016','ordinaria2016',0,0,1,1,0,2,0,2016,'ordinaria',0,0),
(210,'8032869',NULL,1,'ordinaria2016','ordinaria2016',0,0,3,2,1,1.25,0,2016,'ordinaria',0,0),
(211,'3714638',NULL,1,'ordinaria2016','ordinaria2016',0,0,1,1,0,1.25,0,2016,'ordinaria',0,0),
(212,'3349198',NULL,1,'ordinaria2016','ordinaria2016',0,0,2,2,0,2,0,2016,'ordinaria',0,0),
(213,'3206928',NULL,1,'ordinaria2016','ordinaria2016',0,0,3,0,0,1.25,0,2016,'ordinaria',0,0),
(214,'437962',NULL,1,'ordinaria2016','ordinaria2016',0,0,3,3,1,1.25,0,2016,'ordinaria',0,0),
(215,'2868371',NULL,1,'ordinaria2016','ordinaria2016',0,0,0,1,2,2,0,2016,'ordinaria',0,0),
(216,'8345647',NULL,1,'ordinaria2016','ordinaria2016',0,0,2,1,2,1.25,0,2016,'ordinaria',0,0),
(217,'1025920',1,1,'ordinaria2016','ordinaria2016',10,0,0,2,0,2,0,2016,'ordinaria',0,0),
(218,'7545490',NULL,1,'ordinaria2016','ordinaria2016',0,0,3,3,2,1.1,0,2016,'ordinaria',0,0),
(219,'3960219',NULL,1,'ordinaria2016','ordinaria2016',0,0,3,1,1,1.25,0,2016,'ordinaria',0,0),
(220,'8019599',NULL,1,'ordinaria2016','ordinaria2016',0,0,0,3,0,2,0,2016,'ordinaria',0,0),
(221,'960654',NULL,1,'ordinaria2016','ordinaria2016',0,0,1,3,0,2,0,2016,'ordinaria',0,0),
(222,'3754381',NULL,1,'ordinaria2016','ordinaria2016',0,0,2,2,1,1.1,0,2016,'ordinaria',0,0),
(223,'5074542',NULL,1,'ordinaria2016','ordinaria2016',0,0,3,2,2,1.25,0,2016,'ordinaria',0,0),
(224,'1070900',NULL,1,'ordinaria2016','ordinaria2016',0,0,3,1,1,2,0,2016,'ordinaria',0,0),
(225,'4060403',NULL,1,'ordinaria2016','ordinaria2016',0,0,1,1,0,1.1,0,2016,'ordinaria',0,0),
(226,'8175410',NULL,1,'ordinaria2016','ordinaria2016',0,0,2,0,2,1.25,0,2016,'ordinaria',0,0),
(227,'9397383',NULL,1,'ordinaria2016','ordinaria2016',0,0,3,3,2,1.1,0,2016,'ordinaria',0,0),
(228,'3691538',NULL,1,'ordinaria2016','ordinaria2016',0,0,0,0,2,2,0,2016,'ordinaria',0,0),
(229,'9410740',NULL,1,'ordinaria2016','ordinaria2016',0,0,3,0,1,2,0,2016,'ordinaria',0,0),
(230,'1777237',NULL,1,'ordinaria2016','ordinaria2016',0,0,2,1,0,1.1,0,2016,'ordinaria',0,0),
(231,'1180575',NULL,1,'ordinaria2016','ordinaria2016',0,0,2,1,2,1.1,0,2016,'ordinaria',0,0),
(232,'9816502',NULL,1,'ordinaria2016','ordinaria2016',0,0,3,1,0,1.25,0,2016,'ordinaria',0,0),
(233,'4182440',NULL,1,'ordinaria2016','ordinaria2016',0,0,3,0,0,2,0,2016,'ordinaria',0,0),
(234,'8873539',NULL,1,'ordinaria2016','ordinaria2016',0,0,1,1,0,1.25,0,2016,'ordinaria',0,0),
(235,'6692275',NULL,1,'ordinaria2016','ordinaria2016',0,0,0,1,2,1.1,0,2016,'ordinaria',0,0),
(236,'7912301',NULL,1,'ordinaria2016','ordinaria2016',0,0,3,0,0,2,0,2016,'ordinaria',0,0),
(237,'6443163',NULL,1,'ordinaria2016','ordinaria2016',0,0,1,0,2,1.25,0,2016,'ordinaria',0,0),
(238,'2800091',NULL,1,'ordinaria2016','ordinaria2016',0,0,2,3,0,1.25,0,2016,'ordinaria',0,0),
(239,'8240493',NULL,1,'ordinaria2016','ordinaria2016',0,0,1,3,2,1.1,0,2016,'ordinaria',0,0),
(240,'4461611',NULL,1,'ordinaria2016','ordinaria2016',0,0,3,3,0,2,0,2016,'ordinaria',0,0),
(241,'2669616',NULL,1,'ordinaria2016','ordinaria2016',0,0,1,3,2,1.25,0,2016,'ordinaria',0,0),
(242,'4333840',NULL,1,'ordinaria2016','ordinaria2016',0,0,2,0,2,1.1,0,2016,'ordinaria',0,0),
(243,'2413314',NULL,1,'ordinaria2016','ordinaria2016',0,0,1,0,2,2,0,2016,'ordinaria',0,0),
(244,'2737261',NULL,1,'ordinaria2016','ordinaria2016',0,0,3,0,0,2,0,2016,'ordinaria',0,0),
(245,'8819928',NULL,1,'ordinaria2016','ordinaria2016',0,0,0,1,2,1.25,0,2016,'ordinaria',0,0),
(246,'7952785',NULL,1,'ordinaria2016','ordinaria2016',0,0,3,1,1,1.1,0,2016,'ordinaria',0,0),
(247,'3656599',NULL,1,'ordinaria2016','ordinaria2016',0,0,1,2,1,2,0,2016,'ordinaria',0,0),
(248,'2031213',NULL,1,'ordinaria2016','ordinaria2016',0,0,3,1,1,1.25,0,2016,'ordinaria',0,0),
(249,'5231936',NULL,1,'ordinaria2016','ordinaria2016',0,0,1,1,1,1.25,0,2016,'ordinaria',0,0),
(250,'2243182',NULL,1,'ordinaria2016','ordinaria2016',0,0,2,2,0,1.25,0,2016,'ordinaria',0,0),
(251,'5162305',NULL,1,'ordinaria2016','ordinaria2016',0,0,0,0,0,1.25,0,2016,'ordinaria',0,0),
(252,'513077',NULL,1,'ordinaria2016','ordinaria2016',0,0,2,0,1,1.1,0,2016,'ordinaria',0,0),
(253,'447993',NULL,1,'ordinaria2016','ordinaria2016',0,0,3,1,1,2,0,2016,'ordinaria',0,0),
(254,'8705556',NULL,1,'ordinaria2016','ordinaria2016',0,0,1,3,0,1.25,0,2016,'ordinaria',0,0),
(255,'9741055',NULL,1,'ordinaria2016','ordinaria2016',0,0,0,3,1,2,0,2016,'ordinaria',0,0),
(256,'2169505',NULL,1,'ordinaria2016','ordinaria2016',0,0,0,2,0,1.1,0,2016,'ordinaria',0,0),
(257,'4749239',NULL,1,'ordinaria2016','ordinaria2016',0,0,3,0,2,1.25,0,2016,'ordinaria',0,0),
(258,'3215933',NULL,1,'ordinaria2016','ordinaria2016',0,0,0,1,1,1.25,0,2016,'ordinaria',0,0),
(259,'3723328',NULL,1,'ordinaria2016','ordinaria2016',0,0,3,3,1,1.25,0,2016,'ordinaria',0,0),
(260,'1947723',13,1,'ordinaria2016','ordinaria2016',10,0,3,3,0,1.1,0,2016,'ordinaria',0,0),
(261,'8806561',NULL,1,'ordinaria2016','ordinaria2016',0,0,2,1,1,2,0,2016,'ordinaria',0,0),
(262,'2884322',NULL,1,'ordinaria2016','ordinaria2016',0,0,2,1,0,2,0,2016,'ordinaria',0,0),
(263,'1741033',NULL,1,'ordinaria2016','ordinaria2016',0,0,1,3,0,2,0,2016,'ordinaria',0,0),
(264,'1525588',NULL,1,'ordinaria2016','ordinaria2016',0,0,0,2,1,2,0,2016,'ordinaria',0,0),
(265,'9029683',NULL,1,'ordinaria2016','ordinaria2016',0,0,2,1,2,2,0,2016,'ordinaria',0,0),
(266,'4814455',NULL,1,'ordinaria2016','ordinaria2016',0,0,2,3,1,1.25,0,2016,'ordinaria',0,0),
(267,'6880876',NULL,1,'ordinaria2016','ordinaria2016',0,0,3,0,1,1.1,0,2016,'ordinaria',0,0),
(268,'6702030',NULL,1,'ordinaria2016','ordinaria2016',0,0,1,2,1,1.25,0,2016,'ordinaria',0,0),
(269,'9077722',NULL,1,'ordinaria2016','ordinaria2016',0,0,3,1,2,1.1,0,2016,'ordinaria',0,0),
(270,'3186465',NULL,1,'ordinaria2016','ordinaria2016',0,0,1,0,2,1.1,0,2016,'ordinaria',0,0),
(271,'562409',NULL,1,'ordinaria2016','ordinaria2016',0,0,3,0,1,2,0,2016,'ordinaria',0,0),
(272,'216502',NULL,1,'ordinaria2016','ordinaria2016',0,0,3,0,2,1.1,0,2016,'ordinaria',0,0),
(273,'2539692',NULL,1,'ordinaria2016','ordinaria2016',0,0,2,1,2,1.25,0,2016,'ordinaria',0,0),
(274,'2330666',NULL,1,'ordinaria2016','ordinaria2016',0,0,3,0,1,2,0,2016,'ordinaria',0,0),
(275,'5581644',NULL,1,'ordinaria2016','ordinaria2016',0,0,1,3,1,1.1,0,2016,'ordinaria',0,0),
(276,'8942279',NULL,1,'ordinaria2016','ordinaria2016',0,0,2,1,2,1.25,0,2016,'ordinaria',0,0),
(277,'5597509',NULL,1,'ordinaria2016','ordinaria2016',0,0,3,2,2,2,0,2016,'ordinaria',0,0),
(278,'6042920',NULL,1,'ordinaria2016','ordinaria2016',0,0,2,0,2,2,0,2016,'ordinaria',0,0),
(279,'203651',NULL,1,'ordinaria2016','ordinaria2016',0,0,1,1,2,1.25,0,2016,'ordinaria',0,0),
(280,'1604254',NULL,1,'ordinaria2016','ordinaria2016',0,0,1,2,2,2,0,2016,'ordinaria',0,0),
(281,'1794468',NULL,1,'ordinaria2016','ordinaria2016',0,0,2,0,2,2,0,2016,'ordinaria',0,0),
(282,'3469157',NULL,1,'ordinaria2016','ordinaria2016',0,0,1,1,1,1.25,0,2016,'ordinaria',0,0),
(283,'179743',NULL,1,'ordinaria2016','ordinaria2016',0,0,0,2,2,2,0,2016,'ordinaria',0,0),
(284,'6649545',NULL,1,'ordinaria2016','ordinaria2016',0,0,3,2,2,2,0,2016,'ordinaria',0,0),
(285,'2987232',NULL,1,'ordinaria2016','ordinaria2016',0,0,3,0,0,1.25,0,2016,'ordinaria',0,0),
(286,'7137219',NULL,1,'ordinaria2016','ordinaria2016',0,0,0,0,1,1.1,0,2016,'ordinaria',0,0),
(287,'6432676',NULL,1,'ordinaria2016','ordinaria2016',0,0,3,0,2,1.25,0,2016,'ordinaria',0,0),
(288,'3268025',NULL,1,'ordinaria2016','ordinaria2016',0,0,3,3,2,2,0,2016,'ordinaria',0,0),
(289,'3203712',NULL,1,'ordinaria2016','ordinaria2016',0,0,1,1,1,1.1,0,2016,'ordinaria',0,0),
(290,'4356735',NULL,1,'ordinaria2016','ordinaria2016',0,0,3,1,2,1.25,0,2016,'ordinaria',0,0),
(291,'4729418',NULL,1,'ordinaria2016','ordinaria2016',0,0,1,1,1,1.1,0,2016,'ordinaria',0,0),
(292,'9401654',NULL,1,'ordinaria2016','ordinaria2016',0,0,1,0,0,1.1,0,2016,'ordinaria',0,0),
(293,'7824114',NULL,1,'ordinaria2016','ordinaria2016',0,0,3,2,1,1.25,0,2016,'ordinaria',0,0),
(294,'9347179',NULL,1,'ordinaria2016','ordinaria2016',0,0,0,3,2,1.1,0,2016,'ordinaria',0,0),
(295,'9713120',NULL,1,'ordinaria2016','ordinaria2016',0,0,0,1,1,2,0,2016,'ordinaria',0,0),
(296,'6687667',NULL,1,'ordinaria2016','ordinaria2016',0,0,2,2,1,1.25,0,2016,'ordinaria',0,0),
(297,'9043682',NULL,1,'ordinaria2016','ordinaria2016',0,0,0,0,2,1.1,0,2016,'ordinaria',0,0),
(298,'5657236',NULL,1,'ordinaria2016','ordinaria2016',0,0,1,3,2,1.25,0,2016,'ordinaria',0,0),
(299,'2453004',NULL,1,'ordinaria2016','ordinaria2016',0,0,1,1,1,1.25,0,2016,'ordinaria',0,0),
(300,'3928962',NULL,1,'ordinaria2016','ordinaria2016',0,0,3,3,1,1.1,0,2016,'ordinaria',0,0),
(301,'5333237',NULL,1,'ordinaria2016','ordinaria2016',0,0,1,3,0,2,0,2016,'ordinaria',0,0),
(302,'9908614',NULL,1,'ordinaria2016','ordinaria2016',0,0,1,1,1,1.1,0,2016,'ordinaria',0,0),
(303,'3276129',NULL,1,'ordinaria2016','ordinaria2016',0,0,1,2,2,2,0,2016,'ordinaria',0,0),
(304,'601259',NULL,1,'ordinaria2016','ordinaria2016',0,0,0,3,0,1.1,0,2016,'ordinaria',0,0),
(305,'2772328',NULL,1,'ordinaria2016','ordinaria2016',0,0,0,1,1,1.1,0,2016,'ordinaria',0,0),
(306,'2767',NULL,1,'ordinaria2016','ordinaria2016',0,0,1,1,2,1.25,0,2016,'ordinaria',0,0),
(307,'684460',NULL,1,'ordinaria2016','ordinaria2016',0,0,3,1,2,2,0,2016,'ordinaria',0,0),
(308,'7200583',NULL,1,'ordinaria2016','ordinaria2016',0,0,3,0,0,1.25,0,2016,'ordinaria',0,0),
(309,'1538038',NULL,1,'ordinaria2016','ordinaria2016',0,0,0,0,0,1.25,0,2016,'ordinaria',0,0),
(310,'4410214',NULL,1,'ordinaria2016','ordinaria2016',0,0,1,3,2,1.25,0,2016,'ordinaria',0,0),
(311,'9875641',NULL,1,'ordinaria2016','ordinaria2016',0,0,2,0,0,2,0,2016,'ordinaria',0,0),
(312,'9760634',NULL,1,'ordinaria2016','ordinaria2016',0,0,0,1,2,1.25,0,2016,'ordinaria',0,0),
(313,'5625951',NULL,1,'ordinaria2016','ordinaria2016',0,0,3,0,0,1.1,0,2016,'ordinaria',0,0),
(314,'6854476',NULL,1,'ordinaria2016','ordinaria2016',0,0,1,3,0,2,0,2016,'ordinaria',0,0),
(315,'3285087',NULL,1,'ordinaria2016','ordinaria2016',0,0,2,1,2,1.25,0,2016,'ordinaria',0,0),
(316,'8598533',NULL,1,'ordinaria2016','ordinaria2016',0,0,2,0,2,1.25,0,2016,'ordinaria',0,0),
(317,'2649600',NULL,1,'ordinaria2016','ordinaria2016',0,0,3,1,1,1.1,0,2016,'ordinaria',0,0),
(318,'3682769',NULL,1,'ordinaria2016','ordinaria2016',0,0,2,0,0,1.25,0,2016,'ordinaria',0,0),
(319,'8042630',NULL,1,'ordinaria2016','ordinaria2016',0,0,0,1,2,1.25,0,2016,'ordinaria',0,0),
(320,'1507234',NULL,1,'ordinaria2016','ordinaria2016',0,0,0,3,1,2,0,2016,'ordinaria',0,0),
(321,'6430079',NULL,1,'ordinaria2016','ordinaria2016',0,0,1,2,2,1.25,0,2016,'ordinaria',0,0),
(322,'6410341',NULL,1,'ordinaria2016','ordinaria2016',0,0,3,2,1,2,0,2016,'ordinaria',0,0),
(323,'8104716',NULL,1,'ordinaria2016','ordinaria2016',0,0,0,2,1,1.1,0,2016,'ordinaria',0,0),
(324,'3752784',NULL,1,'ordinaria2016','ordinaria2016',0,0,3,3,1,1.25,0,2016,'ordinaria',0,0),
(325,'3484261',NULL,1,'ordinaria2016','ordinaria2016',0,0,3,0,1,1.25,0,2016,'ordinaria',0,0),
(326,'5795354',NULL,1,'ordinaria2016','ordinaria2016',0,0,2,3,0,1.1,0,2016,'ordinaria',0,0),
(327,'1850429',NULL,1,'ordinaria2016','ordinaria2016',0,0,0,1,2,1.1,0,2016,'ordinaria',0,0),
(328,'6925544',NULL,1,'ordinaria2016','ordinaria2016',0,0,1,2,1,2,0,2016,'ordinaria',0,0),
(329,'8191294',NULL,1,'ordinaria2016','ordinaria2016',0,0,2,3,2,1.25,0,2016,'ordinaria',0,0),
(330,'2800048',NULL,1,'ordinaria2016','ordinaria2016',0,0,0,3,1,1.1,0,2016,'ordinaria',0,0);
 ALTER TABLE `EVALUACION` ENABLE KEYS ;
UNLOCK TABLES;

SET FOREIGN_KEY_CHECKS=0;

/*!40101 SET SQL_MODE=@OLD_SQL_MODE ;
/*!40014 SET FOREIGN_KEY_CHECKS=@OLD_FOREIGN_KEY_CHECKS ;
/*!40014 SET UNIQUE_CHECKS=@OLD_UNIQUE_CHECKS ;
/*!40101 SET CHARACTER_SET_CLIENT=@OLD_CHARACTER_SET_CLIENT ;
/*!40101 SET CHARACTER_SET_RESULTS=@OLD_CHARACTER_SET_RESULTS ;
/*!40101 SET COLLATION_CONNECTION=@OLD_COLLATION_CONNECTION ;
/*!40111 SET SQL_NOTES=@OLD_SQL_NOTES ;

-- Dump completed on 2018-04-25 12:57:33
